{
  "genre_mood_probs": {
    "Movie": {
      "Aggressive": 0.00806348393702803,
      "Chill": 0.6528862152822219,
      "Hype": 0.08946627415845386,
      "Melancholic": 0.021374632023550492,
      "Happy": 0.15346217842058107,
      "Focus": 0.03519774734416997,
      "Party": 0.03954946883399463
    },
    "R&B": {
      "Aggressive": 0.020335592843649296,
      "Chill": 0.20035559506611847,
      "Hype": 0.3029225469496611,
      "Melancholic": 0.1215690632292477,
      "Happy": 0.18035337259695522,
      "Focus": 0.06534059339926658,
      "Party": 0.10912323591510167
    },
    "A Capella": {
      "Aggressive": 0.007936507936507936,
      "Chill": 0.7857142857142857,
      "Hype": 0.03968253968253968,
      "Melancholic": 0.015873015873015872,
      "Happy": 0.07142857142857142,
      "Focus": 0.023809523809523808,
      "Party": 0.05555555555555555
    },
    "Alternative": {
      "Aggressive": 0.14789644012944983,
      "Chill": 0.10172599784250269,
      "Hype": 0.30593311758360303,
      "Melancholic": 0.059223300970873784,
      "Happy": 0.2756202804746494,
      "Focus": 0.05749730312837109,
      "Party": 0.05210355987055016
    },
    "Country": {
      "Aggressive": 0.029985007496251874,
      "Chill": 0.17299042786299157,
      "Hype": 0.26778918233191096,
      "Melancholic": 0.05454964825279668,
      "Happy": 0.391304347826087,
      "Focus": 0.03678929765886288,
      "Party": 0.04659208857109907
    },
    "Dance": {
      "Aggressive": 0.07923748277446027,
      "Chill": 0.05891134588883785,
      "Hype": 0.3904455672944419,
      "Melancholic": 0.0635048231511254,
      "Happy": 0.24942581534221406,
      "Focus": 0.03755167661920074,
      "Party": 0.12092328892971979
    },
    "Electronic": {
      "Aggressive": 0.25085251491901106,
      "Chill": 0.05914322250639386,
      "Hype": 0.2920929241261722,
      "Melancholic": 0.029305200341005967,
      "Happy": 0.12105711849957375,
      "Focus": 0.18936487638533675,
      "Party": 0.058184143222506396
    },
    "Anime": {
      "Aggressive": 0.10443922621044392,
      "Chill": 0.23783965112378397,
      "Hype": 0.19300011181930002,
      "Melancholic": 0.016549256401654926,
      "Happy": 0.33143240523314327,
      "Focus": 0.10354467181035447,
      "Party": 0.013194677401319467
    },
    "Folk": {
      "Aggressive": 0.028798624543305396,
      "Chill": 0.41435632924994625,
      "Hype": 0.15527616591446378,
      "Melancholic": 0.06447453255963895,
      "Happy": 0.2342574683000215,
      "Focus": 0.07586503331184183,
      "Party": 0.02697184612078229
    },
    "Blues": {
      "Aggressive": 0.04595791805094131,
      "Chill": 0.24761904761904763,
      "Hype": 0.1434108527131783,
      "Melancholic": 0.03322259136212625,
      "Happy": 0.42225913621262456,
      "Focus": 0.05957918050941307,
      "Party": 0.047951273532668884
    },
    "Opera": {
      "Aggressive": 0.00012067093037287318,
      "Chill": 0.9741764209002052,
      "Hype": 0.004223482563050561,
      "Melancholic": 0.0038614697719319417,
      "Happy": 0.0049475081452878,
      "Focus": 0.012549776758778811,
      "Party": 0.00012067093037287318
    },
    "Hip-Hop": {
      "Aggressive": 0.03923887336056762,
      "Chill": 0.06493227262954203,
      "Hype": 0.4106643732530639,
      "Melancholic": 0.11868415394538809,
      "Happy": 0.1635132229628037,
      "Focus": 0.028273489572135026,
      "Party": 0.17469361427649968
    },
    "Children's Music": {
      "Aggressive": 0.0022181146025878,
      "Chill": 0.6273567467652496,
      "Hype": 0.061552680221811464,
      "Melancholic": 0.012014787430683918,
      "Happy": 0.15914972273567468,
      "Focus": 0.02809611829944547,
      "Party": 0.10961182994454713
    },
    "Children\u2019s Music": {
      "Aggressive": 0.13194444444444445,
      "Chill": 0.10170940170940171,
      "Hype": 0.31153846153846154,
      "Melancholic": 0.06463675213675214,
      "Happy": 0.2846153846153846,
      "Focus": 0.05737179487179487,
      "Party": 0.048183760683760686
    },
    "Rap": {
      "Aggressive": 0.05401017426128369,
      "Chill": 0.0642926723671393,
      "Hype": 0.4213659486957463,
      "Melancholic": 0.11689576794025328,
      "Happy": 0.1731789154670419,
      "Focus": 0.027167442363892198,
      "Party": 0.14308907890464337
    },
    "Indie": {
      "Aggressive": 0.05476439790575916,
      "Chill": 0.252565445026178,
      "Hype": 0.25821989528795813,
      "Melancholic": 0.073717277486911,
      "Happy": 0.22356020942408378,
      "Focus": 0.08691099476439791,
      "Party": 0.050261780104712044
    },
    "Classical": {
      "Aggressive": 0.03109143905862032,
      "Chill": 0.904134729569254,
      "Hype": 0.023966317607686496,
      "Melancholic": 0.003238691568606283,
      "Happy": 0.014897981215588902,
      "Focus": 0.022562884594623772,
      "Party": 0.00010795638562020944
    },
    "Pop": {
      "Aggressive": 0.053550516341956775,
      "Chill": 0.12477376769935059,
      "Hype": 0.36282337911210477,
      "Melancholic": 0.0854891940806984,
      "Happy": 0.22719046098158202,
      "Focus": 0.036090705844778026,
      "Party": 0.11008197593952944
    },
    "Reggae": {
      "Aggressive": 0.01036682615629984,
      "Chill": 0.12873091820460242,
      "Hype": 0.19788106630211894,
      "Melancholic": 0.024151287309182045,
      "Happy": 0.3329915698336751,
      "Focus": 0.020391888812941444,
      "Party": 0.28548644338118023
    },
    "Reggaeton": {
      "Aggressive": 0.018132975151108125,
      "Chill": 0.015222744571300649,
      "Hype": 0.34598164316095814,
      "Melancholic": 0.021379001567047234,
      "Happy": 0.2225207074098948,
      "Focus": 0.010409670920080591,
      "Party": 0.3663532572196105
    },
    "Jazz": {
      "Aggressive": 0.023179508890770535,
      "Chill": 0.4430567315834039,
      "Hype": 0.08308636748518206,
      "Melancholic": 0.02032176121930567,
      "Happy": 0.19760795935647757,
      "Focus": 0.13346740050804404,
      "Party": 0.09928027095681626
    },
    "Rock": {
      "Aggressive": 0.08276753960556095,
      "Chill": 0.1210259726263606,
      "Hype": 0.26727017997629055,
      "Melancholic": 0.047203362431296476,
      "Happy": 0.3816143981032439,
      "Focus": 0.0533462657613967,
      "Party": 0.046772281495850845
    },
    "Ska": {
      "Aggressive": 0.09829974102015539,
      "Chill": 0.04481477311113613,
      "Hype": 0.18207409075554554,
      "Melancholic": 0.007881995270802838,
      "Happy": 0.5595090642945614,
      "Focus": 0.017452989528206283,
      "Party": 0.08996734601959239
    },
    "Comedy": {
      "Aggressive": 0.10683319570602808,
      "Chill": 0.17052023121387283,
      "Hype": 0.42929397192402974,
      "Melancholic": 0.01847646573080099,
      "Happy": 0.22151114781172584,
      "Focus": 0.03819157720891825,
      "Party": 0.015173410404624277
    },
    "Soul": {
      "Aggressive": 0.020228671943711522,
      "Chill": 0.2812225153913808,
      "Hype": 0.21130167106420406,
      "Melancholic": 0.09509674582233948,
      "Happy": 0.21745822339489887,
      "Focus": 0.07926561125769568,
      "Party": 0.09542656112576957
    },
    "Soundtrack": {
      "Aggressive": 0.007458821091888532,
      "Chill": 0.771366414586139,
      "Hype": 0.006940847404951828,
      "Melancholic": 0.008909147415311302,
      "Happy": 0.00859836320314928,
      "Focus": 0.19620843261162332,
      "Party": 0.0005179736869367036
    },
    "World": {
      "Aggressive": 0.07876524222783697,
      "Chill": 0.3287927057014171,
      "Hype": 0.24695155443260464,
      "Melancholic": 0.11117214105240031,
      "Happy": 0.1050203229704493,
      "Focus": 0.10897506316598923,
      "Party": 0.020322970449302428
    }
  },
  "default_probs": {
    "Aggressive": 0.060412835364281665,
    "Chill": 0.28317979478541844,
    "Hype": 0.23360775484247975,
    "Melancholic": 0.0507149854768575,
    "Happy": 0.22585205300517333,
    "Focus": 0.06363972294312772,