{
  "model_name": "RandomForest",
  "timestamp": "20260415_002354",
  "features": [
    "danceability",
    "energy",
    "valence",
    "acousticness",
    "instrumentalness",
    "liveness",
    "speechiness",
    "tempo"
  ],
  "mood_categories": [
    "Aggressive",
    "Chill",
    "Hype",
    "Melancholic",
    "Happy",
    "Focus",
    "Party"
  ],
  "metrics": {
    "accuracy": 0.9414,
    "f1_macro": 0.9274979143904691,
    "f1_weighted": 0.9416502929635381
  },
  "feature_importances": {
    "danceability": 0.10047071603220996,
    "energy": 0.2485383384187767,
    "valence": 0.29078531540351393,
    "acousticness": 0.10897725240631642,
    "instrumentalness": 0.07492568742166841,
    "liveness": 0.015049498182701154,
    "speechiness": 0.04080105139930959,
    "tempo": 0.12045214073550377
  }
}