{
  "features": [
    "danceability",
    "energy",
    "valence",
    "acousticness",
    "instrumentalness",
    "liveness",
    "speechiness",
    "tempo"
  ],
  "training_stats": {
    "n_tracks": 1204025,
    "n_features": 8,
    "n_components": 5,
    "explained_variance": 0.8333579858111522,
    "feature_means": [
      0.49305652179149567,
      0.5095362861749997,
      0.42798662251866953,
      0.44675109819685244,
      0.28286054253860915,
      0.20159939306907895,
      0.08438219123357689,
      117.6343518099754
    ],
    "feature_stds": [
      0.1896693240926597,
      0.2946837905776911,
      0.2704844411041522,
      0.38520125883700396,
      0.3762842442924254,
      0.18045898593119905,
      0.11599132238363455,
      30.937033813769375
    ],
    "component_variance": [
      0.33470274305145964,
      0.1501190467621383,
      0.14353914723443406,
      0.10670314243573549,
      0.0982939063273846
    ]
  }
}